Fecha,Pr_ñaña,Pr_CANCHACALLA,Pr_chosica,Pr_santa eulalia,Pr_santiago de tuna
1963-12-31,,,,0.016129032258064516,
1964-01-31,,,,0.061290322580645165,0.22580645161290322
1964-02-29,0.0,,,0.3413793103448276,2.0461538461538464
1964-03-31,0.0,,,0.3096774193548387,0.532258064516129
1964-04-30,0.0,,,0.2033333333333333,0.8
1964-05-31,0.0,,,0.0,0.0
1964-06-30,0.0,,,,0.0
1964-07-31,0.0,,,0.0,0.0
1964-08-31,0.0,,,0.0,0.0
1964-09-30,0.0,,,,0.0
1964-10-31,0.0,,,,0.0
1964-11-30,0.0,,,,0.16666666666666666
1964-12-31,0.01935483870967742,,,,0.6548387096774194
1965-01-31,0.0,,,,
1965-02-28,0.02142857142857143,,,,
1965-03-31,0.02258064516129032,,,,3.351612903225806
1965-04-30,0.0,,,0.02666666666666667,0.7333333333333333
1965-05-31,0.025806451612903222,,,0.054838709677419356,0.054838709677419356
1965-06-30,0.0,,,0.0,0.0
1965-07-31,0.0,,,0.0,0.00967741935483871
1965-08-31,0.0,,,0.0,0.0
1965-09-30,0.02666666666666667,,,0.0,0.01
1965-10-31,0.0,,,0.041935483870967745,0.3096774193548388
1965-11-30,0.0,,,0.02,0.006666666666666667
1965-12-31,0.02258064516129032,,,0.07096774193548386,0.016129032258064516
1966-01-31,0.0935483870967742,,,0.9419354838709677,0.9548387096774194
1966-02-28,0.0,,,0.03571428571428571,0.7000000000000001
1966-03-31,0.00967741935483871,,,1.4064516129032258,3.574193548387097
1966-04-30,0.0,,,0.0,0.11
1966-05-31,0.0,,,0.04838709677419355,0.17096774193548386
1966-06-30,0.0,,,0.0,0.0
1966-07-31,0.016129032258064516,,,0.0,0.0
1966-08-31,0.0,,,0.0,0.0
1966-09-30,0.0,,,0.0,0.0
1966-10-31,0.04838709677419355,,,0.7290322580645161,0.7483870967741936
1966-11-30,0.05,,,0.0,0.0033333333333333335
1966-12-31,0.06451612903225806,,,0.0,0.16451612903225804
1967-01-31,0.16129032258064516,,,1.0483870967741935,4.380645161290323
1967-02-28,0.21785714285714283,,,3.5285714285714285,11.442857142857141
1967-03-31,0.19677419354838707,,,2.3741935483870966,3.9096774193548383
1967-04-30,0.0,,,0.0,0.21666666666666667
1967-05-31,0.0,,,0.0,0.03225806451612903
1967-06-30,0.0,,,0.0,0.0
1967-07-31,0.0,,,0.0,0.025806451612903226
1967-08-31,0.0,,,0.0,0.0
1967-09-30,0.0,,,0.006666666666666667,0.0
1967-10-31,0.0,,,0.0064516129032258064,0.31935483870967735
1967-11-30,0.0,,,,0.11333333333333333
1967-12-31,0.0,,,0.0064516129032258064,0.4935483870967742
1968-01-31,0.0,,,,0.0032258064516129032
1968-02-29,0.0,,,,0.39999999999999997
1968-03-31,0.0,,,,0.7709677419354838
1968-04-30,0.0,,,,0.4766666666666667
1968-05-31,0.0,,,0.035483870967741936,0.19999999999999998
1968-06-30,0.0,,,,0.006666666666666667
1968-07-31,0.0,,,,0.0
1968-08-31,0.0,,,,0.0
1968-09-30,0.0,,,,0.0033333333333333335
1968-10-31,0.0,,,,0.041935483870967745
1968-11-30,0.0,,,,0.07
1968-12-31,,,,,0.1709677419354839
1969-01-31,0.14516129032258066,,,0.3741935483870968,0.3838709677419356
1969-02-28,0.0,,,0.43571428571428567,3.757142857142857
1969-03-31,0.0,,,0.5354838709677419,3.270967741935484
1969-04-30,0.0,,,0.0,0.25666666666666665
1969-05-31,0.0,,,0.0,0.0
1969-06-30,,,,0.0,0.0
1969-07-31,0.0,,,0.0,0.0
1969-08-31,,,,0.0,0.0
1969-09-30,0.0,,,0.0,0.0
1969-10-31,0.0,,,0.012903225806451613,0.23548387096774193
1969-11-30,0.0,,,0.030000000000000002,0.31666666666666665
1969-12-31,,,,0.47096774193548385,0.8903225806451613
1970-01-31,0.0,,,3.0032258064516126,5.983870967741935
1970-02-28,0.0,,,0.21071428571428572,3.0785714285714287
1970-03-31,0.0,,,1.0064516129032257,0.6580645161290322
1970-04-30,0.0,,,0.0,0.3933333333333333
1970-05-31,0.0,,,0.0,0.0
1970-06-30,0.0,,,0.0,0.0
1970-07-31,0.0,,,0.0,0.0
1970-08-31,,,,0.0,0.0
1970-09-30,0.0,,,0.36000000000000004,0.7066666666666667
1970-10-31,0.0,,,0.04838709677419355,0.16129032258064516
1970-11-30,0.0,,,0.05,0.3233333333333333
1970-12-31,0.0,,,0.0,0.25483870967741934
1971-01-31,,,,0.0,1.0935483870967742
1971-02-28,,,,0.55,3.1107142857142853
1971-03-31,,,,1.3516129032258064,4.203225806451614
1971-04-30,,,,0.0,0.11000000000000001
1971-05-31,,,,0.0,0.0
1971-06-30,,,,0.0,0.0
1971-07-31,,,,0.0,0.0
1971-08-31,,,,0.0,0.0
1971-09-30,0.0,,,0.0,0.0
1971-10-31,0.0,,,0.0,0.0064516129032258064
1971-11-30,0.0,,,0.0,0.0
1971-12-31,0.0,,,0.2129032258064516,0.8967741935483872
1972-01-31,,,,0.46774193548387094,1.2483870967741937
1972-02-29,,,,1.096551724137931,4.072413793103449
1972-03-31,,,,3.551612903225806,9.806451612903226
1972-04-30,,,,0.0,0.0
1972-05-31,,,,0.0,0.0
1972-06-30,,,,0.0,0.0
1972-07-31,,,,0.0,0.0
1972-08-31,,,,0.0,0.0
1972-09-30,,,,0.0,0.0
1972-10-31,,,,0.0,0.06451612903225806
1972-11-30,,,,0.0,0.0
1972-12-31,,,,0.2032258064516129,0.4580645161290323
1973-01-31,,,,1.229032258064516,2.532258064516129
1973-02-28,,,,0.0,1.1857142857142857
1973-03-31,,,,2.8806451612903223,5.235483870967743
1973-04-30,,,,0.0,0.31
1973-05-31,,,,0.0,0.0
1973-06-30,,,,0.0,0.0
1973-07-31,,,,0.0,0.0
1973-08-31,,,,0.0,0.0
1973-09-30,,,,0.06666666666666667,0.18333333333333332
1973-10-31,0.0,,,0.03225806451612903,0.07419354838709677
1973-11-30,0.0,,,0.0,0.16333333333333336
1973-12-31,0.0,,,0.46774193548387094,0.264516129032258
1974-01-31,0.0,,,0.3290322580645161,0.6129032258064516
1974-02-28,0.02142857142857143,,,0.8821428571428571,4.675
1974-03-31,0.0,,,1.0,3.9129032258064513
1974-04-30,0.0,,,0.0,0.0
1974-05-31,,,,0.0,0.0
1974-06-30,0.0,,,0.0,0.0
1974-07-31,,,,0.0,0.0
1974-08-31,,,,0.0,0.0
1974-09-30,,,,0.0,0.0
1974-10-31,,,,0.0,0.0
1974-11-30,0.0,,,0.0,0.09333333333333334
1974-12-31,0.025806451612903226,,,0.2064516129032258,0.7741935483870968
1975-01-31,0.025806451612903226,,,0.09032258064516129,0.3225806451612903
1975-02-28,0.0,,,0.8142857142857143,1.8928571428571428
1975-03-31,0.25483870967741934,,,0.6290322580645161,3.393548387096774
1975-04-30,0.0,,,0.0,0.0
1975-05-31,0.0,,,0.0,0.0
1975-06-30,0.0,,,0.0,0.0
1975-07-31,0.0,,,0.0,0.0
1975-08-31,0.0,,,0.0,0.0
1975-09-30,0.0,,,0.0,0.0
1975-10-31,0.0,,,0.0,0.0
1975-11-30,0.0,,,0.06666666666666667,0.0
1975-12-31,0.0,,,0.3064516129032258,1.9129032258064518
1976-01-31,0.25806451612903225,,,0.2161290322580645,2.103225806451613
1976-02-29,0.0793103448275862,,,3.320689655172414,5.162068965517241
1976-03-31,,,,0.3741935483870968,1.2774193548387098
1976-04-30,,,,0.006666666666666667,0.10000000000000002
1976-05-31,,,,0.0,0.0
1976-06-30,0.0,,,0.0,0.0
1976-07-31,0.0,,,0.0,0.0
1976-08-31,0.0,,,0.0,0.0
1976-09-30,,,,0.0,0.0
1976-10-31,0.016129032258064516,,,0.0,0.0
1976-11-30,0.0,,,0.0,0.0
1976-12-31,0.0,,,0.17096774193548386,0.05806451612903226
1977-01-31,0.05161290322580645,,,0.264516129032258,1.1129032258064515
1977-02-28,0.0035714285714285718,,,0.4035714285714286,7.482142857142857
1977-03-31,0.0,,,0.2903225806451613,3.52258064516129
1977-04-30,0.0,,,0.0,0.59
1977-05-31,0.0,,,0.0,0.0
1977-06-30,0.0,,,0.0,0.0
1977-07-31,0.0,,,0.0,0.0
1977-08-31,0.0,,,0.0,0.0
1977-09-30,0.0,,,0.0,0.0
1977-10-31,0.0,,,0.0,0.0
1977-11-30,0.04,,,0.0,0.3266666666666667
1977-12-31,0.0,,,0.0,1.293548387096774
1978-01-31,0.0,,,0.21935483870967742,0.6161290322580646
1978-02-28,0.0,,,0.0,0.9214285714285714
1978-03-31,0.04838709677419355,,,0.7064516129032258,3.0258064516129033
1978-04-30,0.04,,,0.0,0.0
1978-05-31,0.0,,,0.0,0.0
1978-06-30,0.0,,,0.0,0.0
1978-07-31,0.0,,,0.0,0.0
1978-08-31,0.0,,,0.0,0.0
1978-09-30,0.0,,,0.0,0.0
1978-10-31,0.0,,,0.0,0.0967741935483871
1978-11-30,0.0,,,0.0,0.02666666666666667
1978-12-31,0.0,,,0.0,0.13548387096774195
1979-01-31,0.0,,,0.0,0.08064516129032258
1979-02-28,0.0,,,0.0,0.4107142857142857
1979-03-31,0.22580645161290322,,,0.7419354838709677,5.025806451612903
1979-04-30,0.0,,,0.0,0.11999999999999998
1979-05-31,0.0,,,0.0,0.0
1979-06-30,0.0,,,0.0,0.0
1979-07-31,0.0,,,0.0,0.0
1979-08-31,0.0,,,0.0,0.0
1979-09-30,0.0,,,0.0,0.0
1979-10-31,0.0,,,0.0,0.0
1979-11-30,0.0,,,0.0,0.0
1979-12-31,0.0,,,0.0,0.03870967741935484
1980-01-31,,,,0.0,0.9483870967741936
1980-02-29,,,,0.0,1.303448275862069
1980-03-31,,,,0.7419354838709677,1.3548387096774193
1980-04-30,,,,0.0,0.44333333333333336
1980-05-31,,,,0.0,0.0
1980-06-30,,,,0.0,0.0
1980-07-31,0.0,,,0.0,0.0
1980-08-31,0.0,,,0.0,0.0
1980-09-30,0.0,,,0.0,0.0
1980-10-31,0.0,,,0.0,0.11290322580645161
1980-11-30,0.0,,,0.0,0.07
1980-12-31,0.0,,,0.0,0.09354838709677421
1981-01-31,,,,0.03225806451612903,1.196774193548387
1981-02-28,0.0,,,0.38571428571428573,4.346428571428571
1981-03-31,,,,0.0,5.8
1981-04-30,,,,0.0,0.14666666666666664
1981-05-31,,,,0.0,0.012903225806451613
1981-06-30,0.0,,,0.0,0.0
1981-07-31,0.0,,,0.0,0.0
1981-08-31,0.0,,,0.0,0.0
1981-09-30,0.0,,,0.0,0.0
1981-10-31,,,,0.0,0.0
1981-11-30,0.0,,,0.0,0.056666666666666664
1981-12-31,0.0,,,0.03225806451612903,1.3161290322580643
1982-01-31,0.0,,,,1.2000000000000002
1982-02-28,,,,0.5214285714285715,8.432142857142857
1982-03-31,,,,0.14516129032258066,1.6870967741935483
1982-04-30,,,,0.07333333333333333,0.7400000000000001
1982-05-31,,,,0.0,0.0
1982-06-30,,,,0.0,0.0
1982-07-31,,,,0.0,0.02258064516129032
1982-08-31,,,,0.0,0.02903225806451613
1982-09-30,,,,0.0,
1982-10-31,,,,0.0,0.012903225806451613
1982-11-30,,,,0.0,0.9066666666666666
1982-12-31,,,,0.18064516129032257,0.0
1983-01-31,,,,0.0,2.1870967741935483
1983-02-28,,,,,2.682142857142857
1983-03-31,,,,1.064516129032258,11.129032258064516
1983-04-30,,,,0.0,0.14333333333333334
1983-05-31,0.0,,,0.0,0.1870967741935484
1983-06-30,0.0,,,0.0,0.0
1983-07-31,0.0,,,0.0,0.0
1983-08-31,,,,0.0,0.0
1983-09-30,0.0,,,0.0,0.0
1983-10-31,0.0,,,0.0,0.00967741935483871
1983-11-30,,,,0.0,0.6
1983-12-31,,,,0.0,2.706451612903226
1984-01-31,0.0,,,0.0,9.329032258064515
1984-02-29,0.0,,,0.6,10.048275862068964
1984-03-31,0.0,,,0.06451612903225806,2.5451612903225804
1984-04-30,0.0,,,0.0,0.14333333333333334
1984-05-31,,,,0.0,0.0032258064516129032
1984-06-30,0.0,,,0.0,0.0
1984-07-31,0.0,,,0.0,0.0
1984-08-31,0.0,,,0.0,0.0
1984-09-30,0.0,,,0.0,0.0
1984-10-31,0.0,,,0.0,0.04838709677419355
1984-11-30,0.0,,,0.0,1.54
1984-12-31,0.0,,,0.0,0.46774193548387094
1985-01-31,0.0,,,0.0,0.9516129032258065
1985-02-28,0.0,,,0.0,1.8714285714285714
1985-03-31,0.0,,,0.0,2.990322580645161
1985-04-30,0.0,,,0.0,0.15
1985-05-31,0.0,,,0.0,0.20967741935483872
1985-06-30,0.0,,,0.0,0.0
1985-07-31,0.0,,,0.0,0.0
1985-08-31,0.0,,,0.0,0.009677419354838712
1985-09-30,0.0,,,0.0,0.0
1985-10-31,0.0,,,0.0,0.0
1985-11-30,0.0,,,0.0,0.6366666666666667
1985-12-31,,,,0.019354838709677424,2.2483870967741937
1986-01-31,,,,0.0,4.687096774193549
1986-02-28,,,,0.0,6.671428571428572
1986-03-31,,,,0.0,6.377419354838709
1986-04-30,,,,0.0,1.2633333333333332
1986-05-31,,,,0.0,0.0
1986-06-30,,,,0.0,0.0
1986-07-31,0.0,,,0.0,0.0
1986-08-31,0.0,,,0.06451612903225806,0.0
1986-09-30,0.0,,,0.0,0.0
1986-10-31,0.0,,,0.0,0.0
1986-11-30,,,,0.0,0.0
1986-12-31,,,,0.13870967741935483,2.074193548387097
1987-01-31,0.0,,,,1.0032258064516129
1987-02-28,0.0,,,,0.7678571428571429
1987-03-31,,,,0.038461538461538464,3.829032258064516
1987-04-30,0.0,,,0.013333333333333334,
1987-05-31,0.0,,,0.0,0.0
1987-06-30,0.0,,,0.0,0.0
1987-07-31,0.0,,,0.0,0.0
1987-08-31,,,,0.0,0.0
1987-09-30,0.0,,,0.0,0.0
1987-10-31,0.0,,,0.0,0.0
1987-11-30,0.0,,,0.0,0.030000000000000002
1987-12-31,0.0,0.5967741935483871,,0.0,2.7548387096774194
1988-01-31,0.0,2.4548387096774196,,0.5774193548387097,3.4387096774193546
1988-02-29,0.017241379310344827,2.972413793103448,,0.3103448275862069,2.9896551724137934
1988-03-31,0.0,0.8419354838709678,,0.08064516129032258,0.8258064516129031
1988-04-30,0.0,0.16999999999999998,,0.0,0.5366666666666667
1988-05-31,,0.0,,0.0,0.15483870967741936
1988-06-30,,0.0,,0.0,0.0
1988-07-31,,0.0,,0.0,0.0
1988-08-31,0.02903225806451613,0.0,,0.0,0.0
1988-09-30,0.0,0.0,,0.0,0.0
1988-10-31,,0.0,,0.0,0.1774193548387097
1988-11-30,0.0,0.0,,0.0,0.0
1988-12-31,0.058064516129032254,0.0,,0.33225806451612905,2.1451612903225805
1989-01-31,0.025806451612903226,1.4548387096774194,,0.24838709677419354,6.658064516129032
1989-02-28,0.075,7.042857142857143,,1.5464285714285715,8.392857142857142
1989-03-31,0.025806451612903226,4.932258064516129,,0.3774193548387097,6.519354838709678
1989-04-30,,0.33,,0.0,1.4766666666666668
1989-05-31,0.0,0.0,,0.0,0.0
1989-06-30,0.05666666666666667,0.0,,0.0,0.0
1989-07-31,0.02258064516129032,0.0,,0.0,0.0
1989-08-31,0.0,0.0,,0.0,0.0
1989-09-30,0.0,0.0,,0.0,0.0
1989-10-31,0.0,0.0,,0.0,0.45161290322580644
1989-11-30,0.0,0.0,,0.0,0.0
1989-12-31,0.0,0.0,0.0,0.0,0.17419354838709675
1990-01-31,0.0,0.054838709677419356,0.14838709677419354,0.14516129032258066,0.5096774193548387
1990-02-28,0.0,0.025,0.0,0.0,0.21071428571428572
1990-03-31,0.0,0.1032258064516129,0.15161290322580645,0.3258064516129032,1.3580645161290323
1990-04-30,0.0,0.2533333333333333,0.0,0.0,0.016666666666666666
1990-05-31,0.0,0.12903225806451613,0.02903225806451613,0.0,0.0
1990-06-30,0.0,0.0,0.0033333333333333335,0.0,0.0
1990-07-31,0.0,0.0,0.0,0.0,0.0
1990-08-31,0.0,0.0,0.0,0.0,0.0
1990-09-30,0.0,0.0,0.0,0.0,0.0
1990-10-31,0.0,0.03225806451612903,0.009677419354838712,0.0,0.06774193548387097
1990-11-30,0.0,0.4766666666666667,0.03333333333333333,0.03333333333333333,0.3333333333333333
1990-12-31,0.0,0.6903225806451613,0.1032258064516129,0.11290322580645161,4.609677419354839
1991-01-31,0.0,0.3838709677419355,0.009677419354838712,0.0,2.0935483870967744
1991-02-28,0.010714285714285714,0.7392857142857144,0.10357142857142856,0.0642857142857143,0.2571428571428571
1991-03-31,0.0,4.067741935483871,0.25161290322580643,0.2903225806451613,5.474193548387096
1991-04-30,0.0,0.0,0.03333333333333333,0.0,0.16
1991-05-31,0.0,0.0,0.016129032258064516,0.0,0.016129032258064516
1991-06-30,0.0,0.0,0.0,0.0,0.0
1991-07-31,0.0,0.0,0.0,0.0,0.0
1991-08-31,0.0,0.0,0.0,0.0,0.0
1991-09-30,0.0,0.0,0.0,0.0,0.0
1991-10-31,0.0,0.37741935483870964,0.03225806451612903,0.0,0.09999999999999999
1991-11-30,0.0,0.4066666666666666,0.0,0.0,1.0766666666666667
1991-12-31,0.0,0.0,0.016129032258064516,0.0,0.019354838709677424
1992-01-31,0.0,0.0,0.00967741935483871,0.0,0.2064516129032258
1992-02-29,0.0,0.40689655172413797,0.09999999999999999,0.017241379310344827,0.13103448275862067
1992-03-31,0.0,0.3096774193548387,0.04838709677419355,0.0,0.25161290322580643
1992-04-30,0.0,0.0,0.01,0.0,0.0
1992-05-31,0.0,0.0,0.025806451612903226,0.0,0.0
1992-06-30,0.0,0.0,0.0,0.0,0.0
1992-07-31,0.0,0.0,0.0,0.0,0.0
1992-08-31,0.0,0.0,0.012903225806451613,0.0,0.025806451612903226
1992-09-30,0.0,0.0,0.0,0.0,0.0
1992-10-31,0.0,0.3806451612903226,0.0,0.0,0.0
1992-11-30,0.0,0.0,0.0,0.0,0.0
1992-12-31,0.0,0.14838709677419354,0.04516129032258064,0.0,0.1064516129032258
1993-01-31,0.0,2.0548387096774197,0.0,0.016129032258064516,0.4225806451612903
1993-02-28,,1.4428571428571428,0.04642857142857143,0.07142857142857142,7.832142857142857
1993-03-31,,3.97741935483871,0.1774193548387097,0.1,3.5903225806451613
1993-04-30,,0.0,0.09333333333333332,0.0,0.6533333333333334
1993-05-31,,0.0,0.0,0.0,0.05483870967741936
1993-06-30,,0.0,0.0,0.0,0.0
1993-07-31,,0.0,0.0,0.0,0.0
1993-08-31,,0.0,0.0,0.0,0.0
1993-09-30,,0.0,0.006666666666666667,0.0,0.0
1993-10-31,,0.04838709677419355,0.0,0.0,0.0
1993-11-30,0.0,0.14,0.060000000000000005,0.0,0.010000000000000002
1993-12-31,0.0,0.8580645161290322,0.0967741935483871,0.0,1.3516129032258064
1994-01-31,0.0,2.9451612903225803,0.732258064516129,0.6129032258064516,2.7096774193548385
1994-02-28,0.0,2.5107142857142857,0.3464285714285714,0.2642857142857143,3.142857142857143
1994-03-31,0.01935483870967742,1.5935483870967742,0.16129032258064516,0.0,2.0129032258064514
1994-04-30,0.0,0.7066666666666667,0.08333333333333333,0.0,0.2033333333333333
1994-05-31,0.0,0.0,0.012903225806451613,0.12580645161290321,0.03870967741935484
1994-06-30,0.006666666666666667,0.0,0.0,0.0,0.0
1994-07-31,0.00967741935483871,0.0,0.0,0.0,0.0
1994-08-31,0.0,0.0,0.0,0.0,0.0
1994-09-30,0.0,0.0,0.03333333333333333,0.01,0.0
1994-10-31,0.0,0.0,0.0,0.0,0.0
1994-11-30,0.0,0.030000000000000002,0.013333333333333334,0.0,0.35666666666666663
1994-12-31,0.0,0.22903225806451613,0.07419354838709677,0.051612903225806445,1.2032258064516128
1995-01-31,0.0,0.8387096774193549,0.3064516129032258,0.24193548387096775,1.3419354838709678
1995-02-28,0.0,0.31071428571428567,0.017857142857142856,0.0,1.1607142857142858
1995-03-31,0.0,1.432258064516129,0.08064516129032258,0.08064516129032258,2.0387096774193547
1995-04-30,0.0,0.0,0.06666666666666667,0.03666666666666667,0.3466666666666667
1995-05-31,0.0,0.17096774193548386,0.07096774193548387,0.016129032258064516,0.0
1995-06-30,0.0,0.0,0.0,0.0,0.0
1995-07-31,0.0,0.0,0.0,0.0,0.0
1995-08-31,0.0,0.0,0.0,0.0,0.0
1995-09-30,0.0,0.0,0.016666666666666666,0.006666666666666667,0.0
1995-10-31,0.0,0.0064516129032258064,0.00967741935483871,0.02258064516129032,0.06129032258064516
1995-11-30,0.0,0.31333333333333335,0.06999999999999999,0.07,1.3366666666666667
1995-12-31,0.0,1.0935483870967742,0.0,0.0,0.7419354838709677
1996-01-31,0.0,1.5806451612903225,0.1935483870967742,0.19032258064516128,2.2870967741935484
1996-02-29,0.0,2.531034482758621,0.27586206896551724,0.40344827586206894,3.189655172413793
1996-03-31,0.0,1.038709677419355,0.5935483870967742,0.41935483870967744,2.035483870967742
1996-04-30,0.0,0.0,0.0,0.006666666666666667,0.7833333333333333
1996-05-31,,0.0,0.0,0.0,0.24516129032258063
1996-06-30,0.0,0.0,0.0,0.0,0.0
1996-07-31,0.0,0.0,0.0,0.0,0.0
1996-08-31,0.0,0.0,0.0,0.0,0.0
1996-09-30,0.0,0.006666666666666667,0.0,0.0,0.0
1996-10-31,0.0,0.00967741935483871,0.0,0.0,0.0
1996-11-30,0.0,0.0,0.0,0.0,0.08
1996-12-31,0.0,0.2516129032258065,0.012903225806451613,0.03225806451612903,0.27419354838709675
1997-01-31,0.0,0.732258064516129,0.02903225806451613,0.0967741935483871,1.3161290322580643
1997-02-28,0.0,1.3178571428571428,0.0,0.15357142857142855,1.4785714285714284
1997-03-31,0.0,0.22903225806451613,,0.012903225806451613,0.6870967741935484
1997-04-30,0.0,0.0,0.0,0.0,0.33666666666666667
1997-05-31,0.0,0.0,,0.0,0.0
1997-06-30,0.0,0.0,,0.006666666666666667,0.0
1997-07-31,0.0,0.0,0.0,0.0,0.0
1997-08-31,0.0,0.0,,0.0,0.04838709677419355
1997-09-30,0.0,0.21333333333333335,0.0,0.0,0.30666666666666664
1997-10-31,0.0,0.17096774193548386,0.0,0.01935483870967742,0.3419354838709677
1997-11-30,0.0,0.7666666666666667,,0.029999999999999995,0.7066666666666667
1997-12-31,0.0,2.9129032258064513,,0.432258064516129,2.0032258064516126
1998-01-31,0.0,5.435483870967742,,0.6032258064516128,2.206451612903226
1998-02-28,0.0,5.121428571428572,0.46071428571428574,0.6035714285714285,4.846428571428571
1998-03-31,0.0,4.83225806451613,0.17419354838709677,0.5838709677419355,4.367741935483871
1998-04-30,0.0,0.67,0.0,0.0,0.2733333333333333
1998-05-31,0.0,0.0,0.0,0.0,0.025806451612903226
1998-06-30,0.0,0.0,0.0,0.0,0.0
1998-07-31,0.0,0.0,0.0,0.0,0.0
1998-08-31,0.0,0.0,0.0,0.0,0.0
1998-09-30,0.0,0.0,0.0,0.0,0.0
1998-10-31,0.0,0.0,0.0,0.0,0.0
1998-11-30,0.0,0.0,0.0,0.006666666666666667,0.05
1998-12-31,0.0,2.2096774193548385,0.0,0.17419354838709677,3.429032258064516
1999-01-31,0.0,3.0612903225806454,0.24193548387096775,0.2838709677419355,1.5096774193548386
1999-02-28,0.0,12.185714285714285,1.1464285714285716,2.0357142857142856,4.053571428571429
1999-03-31,0.0,2.8870967741935485,0.0,0.07419354838709677,1.6129032258064515
1999-04-30,0.0,0.0,0.0,0.013333333333333332,1.1
1999-05-31,0.0,0.0,0.0,0.0,0.2
1999-06-30,0.0,0.0,0.0,0.0,0.0
1999-07-31,0.0,0.0,0.0,0.0,0.0
1999-08-31,0.0,0.0,0.0,0.0,0.0
1999-09-30,0.0,0.0,0.0,0.006666666666666667,0.02
1999-10-31,0.0,0.7612903225806452,0.0,0.0064516129032258064,0.4258064516129032
1999-11-30,0.0,0.0,0.0,0.0,0.3333333333333333
1999-12-31,0.0,2.703225806451613,0.0,0.041935483870967745,0.8709677419354839
2000-01-31,0.13548387096774195,4.551612903225807,0.667741935483871,0.6161290322580646,2.403225806451613
2000-02-29,0.0,3.7551724137931037,0.2793103448275862,0.4103448275862069,4.551724137931035
2000-03-31,0.0,1.364516129032258,0.13548387096774195,0.12903225806451613,2.706451612903226
2000-04-30,0.0,0.5166666666666667,0.0,0.0,0.6866666666666668
2000-05-31,0.0,0.0,0.0,0.0,0.0
2000-06-30,0.0,0.0,0.0,0.0,0.0
2000-07-31,0.0,0.0,0.0,0.0,0.0
2000-08-31,0.0,0.0,0.0,0.0,0.0
2000-09-30,0.0,0.0,0.0,0.0,0.04666666666666666
2000-10-31,0.0,0.0,0.0,0.0,0.18387096774193548
2000-11-30,0.0,0.5066666666666667,0.0,0.0,0.20666666666666667
2000-12-31,0.0,0.7935483870967741,0.0,0.009677419354838712,0.9580645161290322
2001-01-31,0.0,2.458064516129032,0.2,0.4096774193548387,2.603225806451613
2001-02-28,0.060714285714285714,2.4035714285714285,0.2571428571428572,0.4321428571428571,3.0928571428571425
2001-03-31,0.0,3.0580645161290323,0.34516129032258064,0.3870967741935484,3.306451612903226
2001-04-30,0.0,1.6933333333333331,0.03333333333333333,0.043333333333333335,1.5399999999999998
2001-05-31,0.0,0.1548387096774194,0.0,0.0,0.0
2001-06-30,0.0,0.0,0.0,0.0,0.0
2001-07-31,0.0,0.0,0.0,0.0,0.0
2001-08-31,0.0,0.0,0.0,0.0,0.0
2001-09-30,0.0,0.0,0.0,0.0,0.0
2001-10-31,0.0,0.5870967741935483,0.0,0.0032258064516129032,0.01935483870967742
2001-11-30,0.0,1.5266666666666666,0.02,0.04,0.8733333333333333
2001-12-31,0.0,0.18709677419354842,0.0,0.0,0.041935483870967745
2002-01-31,0.0,0.5838709677419355,0.05161290322580645,0.03870967741935484,0.43548387096774194
2002-02-28,0.5,3.0464285714285713,1.0964285714285713,1.1892857142857143,4.457142857142857
2002-03-31,0.0,2.1967741935483875,0.05161290322580645,0.11290322580645161,2.203225806451613
2002-04-30,0.0,1.37,0.0,0.0033333333333333335,1.5666666666666667
2002-05-31,0.0,0.10967741935483871,0.0,0.00967741935483871,0.21935483870967742
2002-06-30,0.0,0.0,0.0,0.0,0.0
2002-07-31,0.0,0.0,0.01935483870967742,0.0,0.0
2002-08-31,0.0,0.0,0.0,0.0,0.0
2002-09-30,,0.23333333333333334,0.016666666666666666,0.006666666666666667,0.0
2002-10-31,0.0,1.3483870967741935,0.0,0.0,0.4096774193548387
2002-11-30,0.0,0.9133333333333333,0.0,0.006666666666666667,0.8433333333333334
2002-12-31,0.0,0.23548387096774193,0.0,0.016129032258064516,0.5064516129032258
2003-01-31,0.0,0.6580645161290322,0.04838709677419355,,0.7838709677419355
2003-02-28,0.0,0.8964285714285714,0.3678571428571429,,1.1178571428571427
2003-03-31,0.0,3.1870967741935483,0.09354838709677421,,1.770967741935484
2003-04-30,0.0,0.14666666666666667,0.0,,0.0
2003-05-31,0.0,0.0,0.0,,0.0
2003-06-30,0.0,0.0,0.0,,0.0
2003-07-31,0.0,0.0,0.0,0.0,0.0935483870967742
2003-08-31,0.0,0.0,0.0,0.0,0.0
2003-09-30,0.0,0.0,0.0,0.0,0.0
2003-10-31,0.0,0.0,0.0,0.0,0.07096774193548387
2003-11-30,0.0,0.0,0.0,0.0,0.03333333333333333
2003-12-31,0.0,3.070967741935484,0.21935483870967742,0.4645161290322581,2.606451612903226
2004-01-31,0.0,0.4612903225806451,0.025806451612903226,0.0,0.3064516129032258
2004-02-29,0.0,5.068965517241379,0.020689655172413793,0.19310344827586207,3.1413793103448273
2004-03-31,0.0,2.732258064516129,0.04838709677419355,0.2161290322580645,1.0096774193548388
2004-04-30,0.0,1.3333333333333333,0.016666666666666666,0.07,0.9733333333333333
2004-05-31,0.0,0.0,0.0,0.0,0.0
2004-06-30,0.0,0.0,0.0,0.0,0.0
2004-07-31,0.0,0.0,0.0,0.0,0.0
2004-08-31,0.0,0.0,0.0,0.0,0.0
2004-09-30,0.0,0.11333333333333333,0.0,0.016666666666666666,0.06333333333333332
2004-10-31,0.0,0.23870967741935484,0.0,0.0,0.012903225806451613
2004-11-30,0.0,0.0,0.0,0.0,0.06666666666666667
2004-12-31,0.0,1.6032258064516127,0.06774193548387097,0.1064516129032258,1.0129032258064516
2005-01-31,0.0,1.6903225806451614,0.07419354838709677,0.058064516129032254,0.9354838709677419
2005-02-28,0.0,2.757142857142857,0.06071428571428572,0.10714285714285714,1.9285714285714286
2005-03-31,0.0,1.3419354838709678,0.0,0.0,
2005-04-30,0.0,0.15,0.0,0.0,0.14333333333333334
2005-05-31,0.0,0.0,0.0,0.0,0.0
2005-06-30,0.0,0.0,0.0,0.0,0.0
2005-07-31,0.0,0.0,0.0,0.0,0.0
2005-08-31,0.0,0.0,0.0,0.0,0.0
2005-09-30,0.0,0.0,0.0,0.0,0.0
2005-10-31,0.0,,0.0,0.0,
2005-11-30,0.0,0.0,0.0,0.0,0.0
2005-12-31,0.0,2.7451612903225806,0.06129032258064516,0.05483870967741936,1.364516129032258
2006-01-31,0.0,4.312903225806451,0.30322580645161284,0.35161290322580646,2.1193548387096777
2006-02-28,0.0,6.492857142857142,0.32142857142857145,0.6,3.4499999999999997
2006-03-31,0.0,5.629032258064516,0.22258064516129034,0.28064516129032263,2.4935483870967743
2006-04-30,0.0,2.9266666666666667,0.0,0.02,2.02
2006-05-31,0.0,0.0,0.0,0.0,0.01935483870967742
2006-06-30,0.0,0.0,0.0,0.0,0.0
2006-07-31,0.0,0.0,0.0,0.0,0.0
2006-08-31,0.0,0.0,0.0,0.0,0.0
2006-09-30,0.0,0.0,0.0,0.0,
2006-10-31,0.0,0.0,0.0,0.0064516129032258064,0.025806451612903226
2006-11-30,0.0,0.08666666666666667,0.0,0.04666666666666666,0.0
2006-12-31,0.0,2.893548387096774,0.12903225806451613,0.2,1.2451612903225806
2007-01-31,0.0,1.7419354838709677,0.07096774193548387,0.17096774193548386,0.7225806451612904
2007-02-28,0.0,1.0571428571428572,0.10714285714285714,0.12857142857142856,1.9035714285714285
2007-03-31,0.0,6.448387096774193,0.09032258064516129,0.17419354838709677,3.47741935483871
2007-04-30,0.0,1.8299999999999998,0.25666666666666665,0.13666666666666666,1.74
2007-05-31,0.0,0.0,0.0,0.0,0.0
2007-06-30,0.0,0.0,0.0,0.0,0.0
2007-07-31,0.0,0.0,0.0,0.0,0.0
2007-08-31,0.0,0.0,0.0,0.0,0.0
2007-09-30,0.0,0.0,0.0,0.0,0.0
2007-10-31,0.0,0.13548387096774195,0.0,0.0,0.03870967741935484
2007-11-30,0.0,0.0,0.0,0.02,0.36333333333333334
2007-12-31,0.0,0.48709677419354835,0.0,0.03225806451612903,0.5935483870967742
2008-01-31,0.0,4.300000000000001,0.23548387096774193,0.4096774193548387,2.029032258064516
2008-02-29,0.0,3.7551724137931037,0.41724137931034483,0.5172413793103449,4.927586206896552
2008-03-31,0.0,2.5580645161290323,0.04838709677419355,0.5741935483870968,5.119354838709677
2008-04-30,0.0,0.6233333333333333,0.0,0.0,2.2866666666666666
2008-05-31,0.0,0.0,0.0,0.0,0.0
2008-06-30,0.0,0.0,0.0,0.0,0.0
2008-07-31,0.0,0.0,0.0,0.0,0.0
2008-08-31,0.0,0.0,0.0,0.0,
2008-09-30,0.0,0.0,0.0,0.0,
2008-10-31,0.0,0.0,0.0,0.0,
2008-11-30,0.0,0.27666666666666667,0.0,0.08,
2008-12-31,0.0,0.6225806451612903,0.0,0.025806451612903226,0.5190476190476191
2009-01-31,0.0,2.8451612903225807,0.264516129032258,0.5774193548387098,3.425806451612903
2009-02-28,0.0,3.1285714285714286,0.8678571428571429,1.0535714285714286,4.8
2009-03-31,0.0,3.696774193548387,0.5741935483870968,0.3516129032258064,4.706451612903226
2009-04-30,0.0,0.2733333333333333,0.05333333333333334,0.02666666666666667,1.47
2009-05-31,0.0,0.0,0.0,0.0,0.012903225806451613
2009-06-30,0.0,0.0,,0.0,0.0
2009-07-31,0.0,0.0,0.0,0.0,0.0
2009-08-31,0.0,0.0,0.0,0.0,0.0
2009-09-30,0.0,0.0,0.0,0.0,0.0
2009-10-31,0.0,0.6387096774193549,0.0,0.0967741935483871,0.31935483870967746
2009-11-30,0.0,0.6866666666666666,0.0,0.03333333333333333,0.3466666666666667
2009-12-31,0.0,0.5483870967741935,0.0,0.06774193548387097,0.3838709677419355
2010-01-31,0.0,0.49354838709677423,0.0,0.2032258064516129,0.5096774193548387
2010-02-28,0.0,1.7785714285714285,0.010714285714285714,0.04285714285714286,0.9678571428571429
2010-03-31,0.0,1.4903225806451614,0.025806451612903226,0.18387096774193548,0.9516129032258065
2010-04-30,0.0,0.0,0.0,0.0,0.43666666666666665
2010-05-31,0.0,0.0,0.0,0.0,0.0
2010-06-30,0.0,0.0,0.0,0.0,0.0
2010-07-31,0.0,0.0,0.0,0.0,0.0
2010-08-31,0.0,0.0,0.0,0.0,0.0
2010-09-30,0.0,0.0,0.0,0.013333333333333334,0.03333333333333333
2010-10-31,0.0,0.0,0.0,0.01935483870967742,0.0
2010-11-30,0.0,0.0,0.0,0.0,0.16999999999999998
2010-12-31,0.0,1.5096774193548386,0.0,0.16451612903225804,0.7387096774193549
2011-01-31,0.0,2.3451612903225807,0.2161290322580645,0.34838709677419355,2.158064516129032
2011-02-28,0.0,2.007142857142857,0.25,0.27142857142857146,1.9321428571428572
2011-03-31,0.0,1.4903225806451614,0.03225806451612903,0.0935483870967742,1.7903225806451613
2011-04-30,0.0,0.5866666666666667,0.05,0.043333333333333335,0.7633333333333333
2011-05-31,0.0,0.0,0.0,0.0,0.0
2011-06-30,0.0,0.0,0.0,0.0,0.0
2011-07-31,,0.0,0.0,0.0,0.1032258064516129
2011-08-31,0.0,0.0,0.0,0.0,0.0
2011-09-30,0.0,0.0,0.0,0.0,0.0
2011-10-31,0.0,0.0,0.0,0.0,0.0
2011-11-30,0.0,0.30666666666666664,0.08333333333333333,0.1,0.3433333333333334
2011-12-31,0.0,1.1612903225806452,0.16451612903225804,0.2225806451612903,0.2967741935483871
2012-01-31,0.0,0.4806451612903226,0.2709677419354839,0.0,1.2483870967741937
2012-02-29,0.21379310344827587,2.117241379310345,0.4413793103448275,0.6,3.4172413793103447
2012-03-31,0.012903225806451613,5.687096774193548,0.12903225806451613,0.23225806451612904,2.6258064516129034
2012-04-30,0.0,0.8533333333333334,1.2466666666666666,0.3433333333333334,0.9933333333333334
2012-05-31,0.0,0.0,0.0,0.0,0.09032258064516129
2012-06-30,0.0,0.0,0.0,0.0,0.0
2012-07-31,0.0064516129032258064,0.0,0.0,0.0,0.0
2012-08-31,0.0,,0.0,0.0,0.0
2012-09-30,0.0,,0.0,0.0,0.05
2012-10-31,0.0,,0.04838709677419355,0.06129032258064516,0.3741935483870968
2012-11-30,0.0,,0.016666666666666666,0.016666666666666666,0.12000000000000001
2012-12-31,0.08387096774193549,,,0.04838709677419355,0.5870967741935483
2013-01-31,0.0,0.3161290322580645,0.0,0.0,0.4032258064516129
2013-02-28,0.19999999999999998,5.260714285714286,0.08928571428571429,0.27142857142857146,3.8642857142857143
2013-03-31,0.0,5.193548387096774,0.11290322580645161,0.11935483870967742,2.02258064516129
2013-04-30,0.0,0.013333333333333334,0.0,0.0,0.056666666666666664
2013-05-31,0.0,0.0,0.0,0.03225806451612903,0.13548387096774195
2013-06-30,0.04666666666666666,0.0,0.0,0.0,0.0
2013-07-31,0.0,0.0,0.0,0.0,0.0
2013-08-31,0.0,0.0,0.0,0.0,0.0
2013-09-30,0.0,0.0,0.0,0.0,0.0
2013-10-31,0.0,0.3064516129032258,0.0,0.0,0.0
2013-11-30,0.0,0.3733333333333333,0.0,0.0,0.13666666666666666
2013-12-31,0.0,1.7161290322580647,0.035483870967741936,0.29354838709677417,0.04838709677419355
2014-01-31,0.22580645161290322,1.7129032258064516,0.18709677419354842,0.23225806451612904,1.2838709677419355
