Año,Pr
1964,0.001791044776119403
1965,0.009863013698630137
1966,0.02383561643835616
1967,0.047123287671232875
1968,0.0
1969,0.016666666666666666
1970,0.0
1971,0.0
1972,
1973,0.0
1974,0.006635071090047393
1975,0.02383561643835616
1976,0.04426229508196722
1977,0.007945205479452057
1978,0.007397260273972603
1979,0.019178082191780823
1980,0.0
1981,0.0
1982,0.0
1983,0.0
1984,0.0
1985,0.0
1986,0.0
1987,0.0
1988,0.013168724279835392
1989,0.018208955223880597
1990,0.0
1991,0.000821917808219178
1992,0.0
1993,0.0
1994,0.0030136986301369864
1995,0.0
1996,0.0
1997,0.0
1998,0.0
1999,0.0
2000,0.011475409836065575
2001,0.004657534246575342
2002,0.041791044776119404
2003,0.0
2004,0.0
2005,0.0
2006,0.0
2007,0.0
2008,0.0
2009,0.0
2010,0.0
2011,0.0
2012,0.02568306010928962
2013,0.019178082191780823
2014,0.22580645161290322
